building,mean,min,max,total
admin,7.558333333333334,4.4,11.6,362.8
hostel,15.895833333333334,10.6,20.1,763.0
lab,11.725,7.0,17.4,562.8
